{
  "train_loss": [
    0.2731851850189621,
    0.10810571975647122,
    0.0853555806847364,
    0.06942295540652539,
    0.05825924092089066,
    0.050680645926422206,
    0.044295781833455616,
    0.03859120624665749,
    0.037675035996556,
    0.03445175963111832
  ],
  "train_acc": [
    91.44462621808094,
    96.553097659862,
    97.20321502240557,
    97.72103279038339,
    98.13927021836545,
    98.30428906750124,
    98.51625293406359,
    98.69692012234157,
    98.72537164805463,
    98.81499395405079
  ],
  "val_loss": [
    0.1684606309342848,
    0.10912399376199831,
    0.0934766230429225,
    0.12463592093414687,
    0.0841737197175476,
    0.044373115322052764,
    0.04763309156870952,
    0.04860247755869742,
    0.040318610667936,
    0.03348920647847415
  ],
  "val_acc": [
    94.95510576776746,
    96.47694414853143,
    96.94871404656826,
    95.9671282909755,
    97.1922081874905,
    98.4629432354284,
    98.49338000304368,
    98.39446050829402,
    98.65317303302389,
    98.94993151727286
  ],
  "learning_rates": [
    0.001,
    0.001,
    0.001,
    0.001,
    0.001,
    0.001,
    0.001,
    0.001,
    0.001,
    0.001
  ],
  "epochs": [
    1,
    2,
    3,
    4,
    5,
    6,
    7,
    8,
    9,
    10
  ]
}